"Status","Start Time","Stop Time","Duration in ms","Parent Suite","Suite","Sub Suite","Test Class","Test Method","Name","Description"
"broken","Wed Dec 30 11:13:32 CST 2020","Wed Dec 30 11:13:32 CST 2020","0","","test_calc_shenjian","TestCalc","","","test_div[Errortestcase]",""
"passed","Wed Dec 30 11:13:32 CST 2020","Wed Dec 30 11:13:32 CST 2020","0","","test_calc_shenjian","TestCalc","","","test_sub[Posi]",""
"passed","Wed Dec 30 11:13:32 CST 2020","Wed Dec 30 11:13:32 CST 2020","0","","test_calc_shenjian","TestCalc","","","test_add[Posi&Nega]",""
"passed","Wed Dec 30 11:13:32 CST 2020","Wed Dec 30 11:13:32 CST 2020","0","","test_calc_shenjian","TestCalc","","","test_sub[Posi&Nega]",""
"passed","Wed Dec 30 11:13:32 CST 2020","Wed Dec 30 11:13:32 CST 2020","0","","test_calc_shenjian","TestCalc","","","test_div[Float]",""
"passed","Wed Dec 30 11:13:32 CST 2020","Wed Dec 30 11:13:32 CST 2020","0","","test_calc_shenjian","TestCalc","","","test_sub[Nega]",""
"passed","Wed Dec 30 11:13:32 CST 2020","Wed Dec 30 11:13:32 CST 2020","0","","test_calc_shenjian","TestCalc","","","test_div[Nega]",""
"failed","Wed Dec 30 11:13:32 CST 2020","Wed Dec 30 11:13:32 CST 2020","1","","test_calc_shenjian","TestCalc","","","test_add[Errortestcase]",""
"failed","Wed Dec 30 11:13:32 CST 2020","Wed Dec 30 11:13:32 CST 2020","0","","test_calc_shenjian","TestCalc","","","test_sub[Errortestcase]",""
"passed","Wed Dec 30 11:13:32 CST 2020","Wed Dec 30 11:13:32 CST 2020","0","","test_calc_shenjian","TestCalc","","","test_mul[Float]",""
"passed","Wed Dec 30 11:13:32 CST 2020","Wed Dec 30 11:13:32 CST 2020","0","","test_calc_shenjian","TestCalc","","","test_add[Float]",""
"passed","Wed Dec 30 11:13:32 CST 2020","Wed Dec 30 11:13:32 CST 2020","0","","test_calc_shenjian","TestCalc","","","test_add[Posi]",""
"passed","Wed Dec 30 11:13:32 CST 2020","Wed Dec 30 11:13:32 CST 2020","0","","test_calc_shenjian","TestCalc","","","test_add[Nega]",""
"passed","Wed Dec 30 11:13:32 CST 2020","Wed Dec 30 11:13:32 CST 2020","1","","test_calc_shenjian","TestCalc","","","test_div[Posi]",""
"failed","Wed Dec 30 11:13:32 CST 2020","Wed Dec 30 11:13:32 CST 2020","0","","test_calc_shenjian","TestCalc","","","test_mul[Errortestcase]",""
"passed","Wed Dec 30 11:13:32 CST 2020","Wed Dec 30 11:13:32 CST 2020","0","","test_calc_shenjian","TestCalc","","","test_mul[Posi]",""
"passed","Wed Dec 30 11:13:32 CST 2020","Wed Dec 30 11:13:32 CST 2020","0","","test_calc_shenjian","TestCalc","","","test_mul[Nega]",""
"passed","Wed Dec 30 11:13:32 CST 2020","Wed Dec 30 11:13:32 CST 2020","0","","test_calc_shenjian","TestCalc","","","test_div[Posi&Nega]",""
"passed","Wed Dec 30 11:13:32 CST 2020","Wed Dec 30 11:13:32 CST 2020","0","","test_calc_shenjian","TestCalc","","","test_sub[Float]",""
"passed","Wed Dec 30 11:13:32 CST 2020","Wed Dec 30 11:13:32 CST 2020","0","","test_calc_shenjian","TestCalc","","","test_mul[Posi&Nega]",""
